handset_type,average_throughput_kbps,average_TCP_retransmission_bytes
A-Link Telecom I. Cubot A5,23184,20809914.27034193
A-Link Telecom I. Cubot Note Plus,6527,602349
A-Link Telecom I. Cubot Note S,8515,41344479
A-Link Telecom I. Cubot Nova,55667,135840
A-Link Telecom I. Cubot Power,69126,7799
A-Link Telecom I. Cubot R9,2862,16681
A-Link Telecom I. Cubot X18 Plus,12108,1335816.5
Acer Liquid M220,0,20809914.27034193
Acer Liquid Z220,388,115153
Acer Liquid Z530,221,138472
Acer Liquid Z630,295,682147
Acer Liquid Zest 4G,28828,6590
Acer Liquid Zest Plus,898.5,10480624.635170965
Acer M310,196,12490470.562205156
Acer V370 Acer V370 Liquid E2 Duo,7130,5821
Acer Zx Z130,461,6226
Adar Stanley Mobile S231,355,79490
Alif Communicati. Pulian Cm84,14,20809914.27034193
Apple iPad (A1823),13400.55,5093254.854068385
Apple iPad (A1954),27385.222222222223,5259668.837853762
Apple iPad 2 (A1396),3454,11320052.635170965
Apple iPad 3 (A1430),14714.5,193385.5
Apple iPad 4 (A1460),24107.375,12856636.351378225
Apple iPad Air (A1475),9073.948148148147,13046759.353543712
Apple iPad Air 2 (A1567),13742.011904761905,9106158.006780643
Apple iPad Mini (A1455),831.8,9629010.508136772
Apple iPad Mini (A1490),42902,3228683.5
Apple iPad Mini (A1600),1345,20809914.27034193
Apple iPad Mini 4 (A1550),4885.666666666667,9762136.70813677
Apple iPad Pro (A1652),5996.174321111111,13979816.180227952
Apple iPad Pro 10.5 (A1709),8366.253827222223,6939085.090113976
Apple iPad Pro 12.9 (A1671),43524.5,40702.5
Apple iPad Pro 9.7 (A1674),5956.489583333333,14448915.560860077
Apple iPhone 3Gs (A1303),584.25,7014548.312336198
Apple iPhone 4 (A1332),1112.1338797814208,9167593.107769625
Apple iPhone 4S (A1387),1510.4068376068376,9883475.717150435
Apple iPhone 4S (A1431),249,20809914.27034193
Apple iPhone 5 (A1428) A1428S,9826.055555555555,8664337.630650537
Apple iPhone 5 (A1429),5374.602272727273,9308685.220442912
Apple iPhone 5C (A1456),4016.4074074074074,14332247.688733807
Apple iPhone 5C (A1507),7464.697916666667,11381232.442041144
Apple iPhone 5C (A1529),8093.492063492064,13424314.093988629
Apple iPhone 5C (A1532),7039.3421052631575,11865414.800893715
Apple iPhone 5S (A1453),7579.8533333333335,8792946.082187481
Apple iPhone 5S (A1457),8761.091071428571,9890994.780674571
Apple iPhone 5S (A1528),347,20809914.27034193
Apple iPhone 5S (A1530),14527.041666666666,14426415.559711555
Apple iPhone 5S (A1533),6497.967857142857,11700370.283239951
Apple iPhone 6 (A1549),5883.48969249872,16537913.376943674
Apple iPhone 6 (A1586),5631.896834912549,16249403.460381497
Apple iPhone 6 Plus (A1522),7335.575335407926,14729773.216388453
Apple iPhone 6 Plus (A1524),5901.437097266407,16228204.915040307
Apple iPhone 6S (A1633),6082.0679912448295,17256104.816822518
Apple iPhone 6S (A1688),5113.1998741267325,17449022.61371215
Apple iPhone 6S (A1700),7699.264705882353,16283970.236143827
Apple iPhone 6S Plus (A1634),7623.92768079365,17092705.385353453
Apple iPhone 6S Plus (A1687),4647.88835962645,17855081.37906139
Apple iPhone 6S Plus (A1699),1644.857142857143,17863711.66029308
Apple iPhone 7 (A1660),6288.419094312326,17901414.727492873
Apple iPhone 7 (A1778),7577.587072778629,16125743.818403665
Apple iPhone 7 (A1779),6386.743086419753,16040713.430764616
Apple iPhone 7 (A1780),33,20809914.27034193
Apple iPhone 7 Plus (A1661),5600.141231345029,17244665.97245687
Apple iPhone 7 Plus (A1784),7333.033195242007,15878693.99440398
Apple iPhone 7 Plus (A1785),3237.2272727272725,19431615.824386213
Apple iPhone 8 (A1863),6322.613397060933,17135793.62279099
Apple iPhone 8 (A1905),6197.434501008436,17052962.889457203
Apple iPhone 8 (A1906),8897.3125,17249143.95866189
Apple iPhone 8 Plus (A1864),5674.671859377105,19109051.61908378
Apple iPhone 8 Plus (A1897),6884.438146208618,17316648.782024413
Apple iPhone 8 Plus (A1898),406.6666666666667,17352089.558618274
Apple iPhone 8 Plus (A1899),23,20809914.27034193
Apple iPhone Se (A1662),4445.812068965517,17346386.31597941
Apple iPhone Se (A1723),4612.322286485675,17113568.82169398
Apple iPhone X (A1865),6332.594751079235,16968713.50505988
Apple iPhone X (A1901),7460.968972549061,16322484.819257677
Apple iPhone X (A1902),39,20809914.27034193
Apple iPhone Xr (A1984),15495.897268541667,13298020.25257036
Apple iPhone Xr (A2105),6556.370069802084,17492861.808372084
Apple iPhone Xr (A2106),6209.5,15619929.452756446
Apple iPhone Xr (A2108),5215.210317460317,18590078.92412465
Apple iPhone Xs (A1920),11657.9126984127,16706154.566763027
Apple iPhone Xs (A2097),7104.316135919759,17458897.854284372
Apple iPhone Xs (A2098),23,20809914.27034193
Apple iPhone Xs (A2100),7587.625,18221248.861549187
Apple iPhone Xs Max (A1921),10697.527090000001,24613125.24393878
Apple iPhone Xs Max (A2101),6102.9387462511295,17533162.967353374
Apple iPhone Xs Max (A2104),5228.079177037037,16322802.988043722
Archos Sa 50 Cesium,109,3770
Archos Sa 50 Platinum 4G,11781.75,10540529.635170965
Archos Sa 50 Saphir,11864.166666666666,13878298.263561286
Archos Sa 50 Titanium 4G,250.75,10405419.885170965
Archos Sa 50B Cobalt (Lite),6964,89617
Archos Sa 50F Neon,10801,3943167
Archos Sa 55 Cobalt + Bush Spira B3 5.5,2607,15003617.635170965
Archos Sa 55 Diamond Selfie ( Lite),44017.5,563056
Archos Sa 55 Helium (Ultra),11931.75,396007.375
Archos Sa 55B Platinum,4922.5,1085831.1666666667
Archos Sa Access 45 4G,5906.2,4220406.854068385
Archos Sa Access 50 4G,445,31566
Archos Sa Access 55 3G,9548,7908
Archos Sa Archos 40 Helium,78,6195
Archos Sa Archos 45B Helium 50B Helium 50C Helium 50D Helium 50 Diamond,11989,20809914.27034193
Archos Sa Archos 50 Cobalt Bush Spira B3 5,19275,509
Archos Sa Archos 50C Platinum,2275,258658
Archos Sa Archos 60 Platinum,7500,2213291
Archos Sa Archos Sense 50X,36,20809914.27034193
Archos Sa Core 50 4G(L),1493.5,15638002.702756446
Archos Sa Core 70 3G,0,20809914.27034193
Archos Sa Diamond S,400,20809914.27034193
Archos Sa Sense 101X,0,20809914.27034193
Archos Sa Sense 55S,39979,66
Asustek Asus Asus_Z00Ada,13493,1183561
Asustek Asus Za550Kl Zenfone Max M1,17072.2,7414045.654068386
Asustek Asus Zb500Kg,7819,25970
Asustek Asus Zb500Tl,9663,2933971
Asustek Asus Zb552Kl Zenfone Go,8474.285714285714,8991992.544432255
Asustek Asus Zb555Kl Zenfone Max M1,1139,8418
Asustek Asus Zb570Tl,25361.666666666668,339075.3333333333
Asustek Asus Zb633Kl Zenfone Max M2,35189,1123478
Asustek Asus Zc521Tl Zenfone 3S Max,10348,502892
Asustek Asus Zc550Tl,93,20809914.27034193
Asustek Asus Zc553Kl Zenfone 3 Max,12809.4,1547824.2
Asustek Asus Ze500Kl Zenfone 2 Lazer,18096.5,392546.5
Asustek Asus Ze550Kl Zenfone2 Laser,61621,11306
Asustek Asus Zenfone 2 Laser Ze500Kl,21290,14220719.180227952
Asustek Asus Zenfone 3 Deluxe Zs570Kl,43637,1904807
Asustek Asus Zenfone 3 Laser Zc551Kl,13295,15022
Asustek Asus Zenfone 3 Max Zc520Tl,16505.27659574468,6844627.5304910075
Asustek Asus Zenfone 3 Ze520Kl,18274.111111111113,1720609.388888889
Asustek Asus Zenfone 3 Ze552Kl,5723.777777777777,12763245.867891753
Asustek Asus Zenfone 4 Max Zc554Kl,33556.029411764706,17500436.788559586
Asustek Asus Zenfone 4 Selfie Zd553Kl,12496.5,5970431.711723655
Asustek Asus Zenfone 4 Ze554Kl,13091.2,9948599.821653869
Asustek Asus Zenfone 5 Lite Zc600Kl,15070,115269
Asustek Asus Zenfone 5 Ze620Kl,18895.571428571428,8268662.077240551
Asustek Asus Zenfone Go Zb500Kl,18091.933333333334,7418344.556780643
Asustek Asus Zenfone Live Zb501Kl,13666.1,7682219.281102578
Asustek Asus Zenfone Live Zb553Kl,1225,20516
Asustek Asus Zenfone Max Plus Zb570Tl,16693.529411764706,3905657.243245351
Asustek Asus Zenfone Max Pro Zb631Kl,10295,8698930.11264247
Asustek Asus Zenfone Max Zc550Kl,10387.5,10405899.135170965
Asustek Asus Zenfone Selfie Zd551Kl,21097.5,29233844.635170966
Asustek Asus Zenfone Zoom S Ze553Kl,24141,8703907.333333334
Asustek Asus Zenfone Zoom Zx551Ml,12916,2582
Asustek Asus Zenfone2 Laser Ze600Kl,29552,1677202
Asustek Asus Zenfone2 Laser Ze601Kl,7004.25,6084145.567585482
Asustek Asus Zenfone2 Ze551Ml,41420,782275.3333333334
Asustek Asus Zenfone4 Max Zc520Kl,17461.144736842107,6308607.27704117
Asustek Asus Zs620Kl Zenfone 5Z,30377.5,1191369
Asustek Asus_Z00Ad,22780.25,1831775.875
Asustek Asus_Z00D,37547,2648
Asustek Wireless-Ac1200 Lte Router,23275.125,10667109.260170965
Asustek Zc550Kl Zenfone Max,6643.5,10408214.135170965
Asustek Zenfone 4 Selfie Pro,12931.25,5231260.317585482
Asustek Zenfone Max Pro(M1),17882.5,10954681.885170965
Asustek Zenfone Max Zc550Kl,12779.75,6269591.317585482
Avenir Telecom Pm550S,1658,4335.5
Beijing Shenqi T. Z2 Pro,38028,2156184
Bird L8,26273,6071194
Blu Products Inc Blu R1 Plus,3911,1550867
Blu Products Inc Blu Studio C 5+5,1482,3379871
Bullitt Group Li. Cat S30,8984.666666666666,6981290.756780643
Bullitt Group Li. S41,993,20809914.27034193
Bullitt Group Li. S60,5186.666666666667,1442363.3333333333
Bullitt Group Li. S61,5244,20809914.27034193
Casper Bilgisaya. Via M1,7156,276
China Trade Grou. Ed1,14024,770219
Cisco Systems In. Cisco Mc7304,173,20809914.27034193
Civicom Technolo. European,25180,542381
Ck Telecom Limit. M1,410,18595
Compal Electroni. Cat B15Q,6910,9310
Concox Informati. Concox Gt06 Gt06N Tr06,1,20809914.27034193
Concox Informati. Gt06,1,20809914.27034193
Concox Informati. Gt06E Gt06F Gv20,0.5,20809914.27034193
Concox Informati. Jh09,65,7084
Crosscall Action-X3,7658.119565217391,16215129.882802876
Crosscall Action-X3 Pro,13105.75,1330384
Crosscall Core-X3,15881.666666666666,7074298.17344731
Crosscall Odyssey-S1,331.25,10405037.635170965
Crosscall Trekker-M1,17173.25,5842449.067585482
Crosscall Trekker-M1 Core,10486.161458333334,6703660.057032156
Crosscall Trekker-X3,18007.4,3866796.327034193
Crosscall Trekker-X4,16535.863703809526,820797.7142857143
D-Link Corporati. D-Link Dwr-921,18886.75,10236459.505085483
D-Link Corporati. D-Link Lte Usb Adaptor,182.99999999999997,13874154.84689462
D-Link Corporati. Dwr-921,21550.125,11786714.135170965
D-Link Corporati. Dwr-932,602,20809914.27034193
D-Link Corporati. Dwr-953,102,20809914.27034193
Ddm Brands Llc Andy 4.5El Lte,4073.5,12024691.635170965
Ddm Brands Llc Andy 4Ei2,74,10405622.135170965
Ddm Brands Llc Andy 5Ei3,1947.5,67205.5
Ddm Brands Llc Andy 5El Lte,124,54411
Ddm Brands Llc Andy C5V,10518,276
Ddm Brands Llc Energy S550,22973,33928
Ddm Brands Llc Yezz Andy 5.5Ei,4859,7372038
Ddm Brands Llc Yezz Andy A6M,210,20809914.27034193
Dg Homtom Group. Homtom H50,18194.25,15533082.635170965
Dg Homtom Group. Homtom Ht16,593,151294
Dg Homtom Group. Homtom Ht3,22763,149941
Dn Electronics Danew Konnect 350,8838.09090909091,8866252.660940176
Dn Electronics Surnaturel R500,1182.3333333333333,478117.3333333333
Doke Communicati. Blackview Bv6800 Pro,72595,295094
Doro Ab Doro 6520 Doro 6521,43,15608433.202756446
Doro Ab Doro 6530 Doro 6531,43,20809914.27034193
Doro Ab Doro 8030 Doro 8028 Doro 8031,81,20809914.27034193
Doro Ab Doro 8030 Doro 8028 Doro 8031 Doro 8030C Doro 8031C,8647.76923076923,6422987.237028286
Doro Ab Doro 8040,890,1598
Doro Ab Doro Liberto 820,655,35151
Doro Ab Doro Liberto 822 Doro 8031,993,2094
Doro Ab Doro Liberto 825,5440.5,632.5
Doro Ab Doro Phoneeasy 632,44,20809914.27034193
Dynamic Tech Hol. D-Mobile I3 I5 I7 I8 I9,87,102954423.84689462
Ecom Instruments. Ecom Mobile Safety Ex-Handy 209,8187,289833
Ecom Instruments. Ecom Mobile Safety Smart-Ex 201,17128,24274
Electro Depot Fr. W55Hd,13715.6,32870776.108136773
Ertebat Hamrah G. Glx H1,6375.583333333333,10149351.04505699
Essential Produc. Ph-1,23774,3827
Fairphone B.V Fairphone 2,22900.25,453932.25
Fully Holdings (. C8 4G,9624,716530.6666666666
Fully Holdings (. K10,1323,152795
Fully Holdings (. Oukitel C2,21348,17428
Gemalto M2M Gmbh Cinterion Bgs3,3,20809914.27034193
Gemalto M2M Gmbh Cinterion Ehs5-E,18,12
Gemalto M2M Gmbh Cinterion Ehs6,11,20809914.27034193
Gemalto M2M Gmbh Cinterion Pls8-E,30.277777777777775,20809914.27034193
Gemalto M2M Gmbh Cinterion Wireless Module Phs8-P,21,20809914.27034193
Gemalto M2M Gmbh Eu3-E,13,20809914.27034193
Gigaset Communic. Gs100,10071.5,10441923.135170965
Gigaset Communic. Gs185,4585,173005
Google Inc G011C,28478.68197555556,401952
Google Inc Pixel 3,15314.301587301587,11016379.646107063
Google Inc Pixel 3Xl,10388.420493888889,12830048.479768544
Gotron (Hk) Elec. Armor X,15755,128
Gotron (Hk) Elec. Gemini,3231,1217293
Gotron (Hk) Elec. Power 5,43,20809914.27034193
Group Acquisitio. Cirrus 5,9965,699197
Group Acquisitio. Fly Evo Chic 4,88,2660
Haier G50 L54,10865.666666666666,7021404.090113976
Haier Hw-W717 Hw-W816 Hw-W870,109,29835
Haier L55,26010,8810
Haier W826,8616,9452
Hem Easy,9622.57142857143,4909965.895763134
Hewlett-Packard Hp Elite X3,41,20809914.27034193
Hmd Global Oy Nokia 1,394,25679
Hmd Global Oy Nokia 1 Ds,3638.714285714286,19918261.62167281
Hmd Global Oy Nokia 2,34520,7824003
Hmd Global Oy Nokia 2 Ds,7058.166666666667,6964435.92344731
Hmd Global Oy Nokia 3,13949,29248
Hmd Global Oy Nokia 3 Ds,169.5,10968154.976378223
Hmd Global Oy Nokia 3310 Ds 3G,40,20809914.27034193
Hmd Global Oy Nokia 5 Ds,5535.2,6734294.854068386
Hmd Global Oy Nokia 5 Ss,21,20809914.27034193
Hmd Global Oy Nokia 6 Ds,5305,57
Hmd Global Oy Nokia 6 Ss,22591.428571428572,4678964.700787556
Hmd Global Oy Nokia 6.1 Ds,10456.777777777777,6505960.141149104
Hmd Global Oy Nokia 7 Plus Ds,18570.819573535355,6484805.126143498
Hmd Global Oy Nokia 8 Ss,10760,10412444.968504298
Hmd Global Oy Nokia 8110 4G Ds,64,20809914.27034193
Hmd Global Oy Ta-1003,34,20809914.27034193
Hmd Global Oy Ta-1006,36.7,20809914.27034193
Hmd Global Oy Ta-1049,22441,197791
Hmd Global Oy Ta-1063,4290.238050701754,10613602.056223596
Hmd Global Oy Ta-1063 Ds,14995,1959120
Hmd Global Oy Ta-1080,2922.5,12861041.162205156
Hmd Global Oy Ta-1095,22223.5,1357894.75
Hmd Global Oy Ta-1109,10,20809914.27034193
Hong Kong Frog I. A10,162.75,11418842.635170965
Hongkong Ipro Te. Ipro I9350 I9400 S3 Wave 3.5 Wave 4.0,65,20809914.27034193
Honstech Communi. Do G26,4723,6105064
Htc 10,22187.75,2087615
Htc 2Pya210,12741.666666666666,7052553.756780643
Htc 2Q55100,1479,10296
Htc 2Q5V100,34545.5,884743
Htc 2Q5W100,38208,2169
Htc 2Q6E100,44811,1564
Htc Clic100,340,20809914.27034193
Htc Desire,0,20809914.27034193
Htc Desire 10 Lifestyle,37,20809914.27034193
Htc Desire 310,5959,666389
Htc Desire 510,9797.361111111111,10115308.716841897
Htc Desire 530,8348.809523809523,7309119.280590166
Htc Desire 610,7663.333333333333,12260867.157699458
Htc Desire 620,7853.708333333333,7817722.351378224
Htc Desire 626,8656.5,15468753.817585483
Htc Desire 650,15220.25,5573137.067585482
Htc Desire 728,18105,105025
Htc Desire 816,14349.333333333334,13873567.513561286
Htc Desire 820,12267.166666666666,6923531.503390322
Htc Desire 820G Plus Dual Sim,14320,337724
Htc Desire 825,16663.81818181818,6063615.664638707
Htc Desire C,417.25,20809914.27034193
Htc Desire X,213,20809914.27034193
Htc One,4242.8,5782905.205424515
Htc One (M8),4420.5,5329127
Htc One A9,24549.166666666668,7463355.090113976
Htc One M9,17764.2,4923255.2
Htc One Mini,16035,7109
Htc One Mini 2,14751,1966167
Htc Pl80100,330,20809914.27034193
Htc U Play,5713.666666666667,6937203.090113976
Htc U11,1045,83156
Htc Windows Phone 8S By Htc,188,20809914.27034193
Huawei Ale-Ul00,4144.5,10414629.135170965
Huawei Ascend G6,6383,11241510.135170965
Huawei Ascend G620S,12716.333333333334,48453.333333333336
Huawei Ascend Mate7,8998.6,61694.2
Huawei Ascend P7,13442,5072105
Huawei Ascend Y330,2350.3333333333335,4642573.948964873
Huawei Ascend Y530,8769,20809914.27034193
Huawei Ascend Y550,26389.333333333332,6939509.756780643
Huawei Ascend Y600,9385,887218
Huawei Aum-Al00,65466,3430073
Huawei B315S-22,13977.333333333334,10885525.090113977
Huawei B525S-23A,15906.87921766109,19383401.954743393
Huawei B525S-65A,28363,206146.5
Huawei B528S-23A,33218.99454996103,16112406.114498412
Huawei B593,13975,8587175.5
Huawei B593S-12,13341.1875,14465020.885170965
Huawei B593S-22,15943.9724075,11656945.824355077
Huawei B618S-22D,17705.404761904763,9205310.55986774
Huawei B715S-23C,28098.579852333332,20569153.05
Huawei Bkl-Al20,7785.5,3437005.5
Huawei Bkl-Tl10,27473,34853
Huawei Bln-Al10,4626,329064569
Huawei Bln-Al30,7983.25,1349925.625
Huawei Bln-Tl10,22609,786840.5
Huawei Bnd-Al10,23,20809914.27034193
Huawei Chc-U01,9,20809914.27034193
Huawei Col-Al10,31066.666666666668,808295
Huawei Col-L29,9667.940539847494,14117212.806862328
Huawei Cor-L29,11809.683905757576,11135247.240813928
Huawei Dli-Al10,2661,53952
Huawei Dli-L22,8034.489361702128,5991638.084548111
Huawei Dub-Lx1,37.4,20809914.27034193
Huawei E180,16,20809914.27034193
Huawei E3372,201.5,1768
Huawei E5180,25920.6720077257,14723016.257399574
Huawei E5186S,15165.687299892474,14749358.338185169
Huawei E5220S-2,17836,76879
Huawei E5372S-32,21401.654471544716,12767893.484518804
Huawei E5573,27793.878054660192,29905461.13194929
Huawei E5573B,22957.749680284902,20757421.631798286
Huawei E5577,28619.866666666665,40685425.56937893
Huawei E5577 E5577C,26004.105263157893,10993683.309158798
Huawei E5776S-32,27114.083333333332,30661468.120516397
Huawei E5785Lh-22C,24528.398809523813,6015013.46660851
Huawei E5786S-32A Huawei E5786Bs-32A,37499.666666666664,2068519.1666666667
Huawei E587 E587U-2 Turkcell Vinnwifi E587,19545,62432994
Huawei E8372,52735,26366
Huawei Ele-L29,8823.694302843138,14955495.378030451
Huawei Evr-Al00,1257.3333333333333,13912872.180227952
Huawei Evr-L29,36.333333333333336,20809914.27034193
Huawei Fig-Al00,23350,918632
Huawei Fig-Al10,6199,48145
Huawei Fig-La1,37,20809914.27034193
Huawei Fig-Lx1,6342.307107589864,15869950.321686076
Huawei Frd-Al10,10701,749921
Huawei Frd-L09,17461.291666666668,4470384.897528495
Huawei Frd-L19,19837,9687769
Huawei G535-L11,1796,20415255.09011398
Huawei G8 Huawei Gx8 Huawei G7 Plus,6804.5,608328
Huawei Gr5,12305,11934176
Huawei Gr5 2017 Huawei Mate 9 Lite,22537,319674.5
Huawei Ham-L09,22,20809914.27034193
Huawei Hma-L29,16829.162561576355,15179098.399790986
Huawei Honor,20675.235294117647,2506880.1120889937
Huawei Honor 10,10479.078975729166,14592581.956197837
Huawei Honor 5X,17229.09259259259,7323662.043064275
Huawei Honor 6,38825,6586
Huawei Honor 6C Dig-L21Hn,21750.7,5086109.8
Huawei Honor 6X,17922.175,6683984.816568386
Huawei Honor 7A,11681.247368421053,10795323.756078519
Huawei Honor 7S,12507.241666666665,6525943.357217955
Huawei Honor 7X,6787.864907420635,15141890.966426572
Huawei Honor 8 Lite,20258.4,4883615.754068386
Huawei Honor 8X,9249.58990329087,14673625.084368894
Huawei Honor 9 Lite,5589.098146300001,16030686.41498522
Huawei Honor View10,13425.078947368422,11850956.85518296
Huawei Hry-Lx1,7843.069444444444,13848680.3671629
Huawei Hwi-Al00,63237,1240747
Huawei Ine-Lx1,4898.909185333333,17246230.48923935
Huawei Jat-L29,6401.875,10854564.385170965
Huawei Jkm-Lx1,16638,79361
Huawei Jmm-L22 Honor 6C Pro Honor 6C Pro,10727.4,11620670.327034194
Huawei Jsn-Al00A,30537,5411851
Huawei Lld-Al00,8860.15909090909,8285353.41034384
Huawei Lld-Al10,267,15607648.702756446
Huawei Lld-Al30,197,145699
Huawei Lnd-L29,32013.25,7902930.25
Huawei Lya-L29,11316.791365429966,17673442.70739071
Huawei Maimang 6,25303,13787683
Huawei Mate 10 Lite Huawei Nova 2I,10334.210648148148,13290546.057588268
Huawei Mate 10 Pro,7062.694074102565,11397563.376337962
Huawei Mate 10 Pro Porsche Design Huawei Mate 10,10963.46553281127,14114970.529693233
Huawei Mate 20 Lite,9816.472860092592,15412903.869921291
Huawei Mate 8,14417.333333333334,504437.8888888889
Huawei Mate 9,7030.736187222223,16357903.965116812
Huawei Mate 9 Pro Porsche Design Huawei Mate 9,63,20809914.27034193
Huawei Maya,4644.5,10448847.135170965
Huawei Me909S-120,275.3333333333333,39458219.63517097
Huawei Mrd-Lx1,4877.47037037037,17606967.37813806
Huawei Mu609,22,20809914.27034193
Huawei Nexus 6P,111,20809914.27034193
Huawei Nova,20604.716472698412,2413516.393825806
Huawei Nova 2I Huawei Mate 10 Lite,46762,188057
Huawei Nova 3E,13487.24074074074,11412676.063089602
Huawei Nova 3I,2894,10507953.135170965
Huawei Nova 3I Huawei P Smart+,25360,2606374
Huawei P Smart,9273.346153846154,16836317.372199252
Huawei P10,8882.90487652623,15347352.101047937
Huawei P10 Lite,8086.809313061522,14622898.194318574
Huawei P10 Plus,7186.5,13092990.543963706
Huawei P20,10077.71371376261,14880848.930633524
Huawei P20 Lite Huawei Nova 3E,6652.203970936259,16101967.751549417
Huawei P20 Pro,10555.502072417046,14079684.96892669
Huawei P8,22863.625,9203596.408792742
Huawei P8 Lite,14248.166692947203,6709399.827227892
Huawei P8Max,31036,920639
Huawei P9,8663.835772201257,14347155.493921572
Huawei P9 Lite,13448.327334553733,3895092.14445029
Huawei P9 Plus,55713,19563
Huawei Par-Lx9,46464,927530.3333333334
Huawei Pct-L29,9343.499263407406,13859248.750722254
Huawei Pele,76474,4227046
Huawei Plk-L01,20489.375,5714099.831939111
Huawei Porsche Design Huawei Mate Rs,35,20809914.27034193
Huawei Pot-Lx1,6898.1641784022395,15886281.926443586
Huawei Pra-Al00X,6,20809914.27034193
Huawei Rvl-Al09,16681,11167564
Huawei Sla-L22,8628.5,1178731
Huawei Sne-Lx1,11757.523682111112,14124638.219865952
Huawei Stf-Al00,9055.07142857143,15772533.621672807
Huawei Stf-Al10,37,20809914.27034193
Huawei Stf-L09,9635.48941569358,14971243.194442222
Huawei Stf-Tl10,43942,128972
Huawei Tbd,4823.277777777778,16182961.000802504
Huawei Tit-Al00 Huawei Y6 Pro,10397,58168
Huawei U8815,252,602
Huawei U8825-1,19,10407617.135170965
Huawei Vns-Al00,1422,2364
Huawei Vns-Dl00,44366,31920
Huawei Vog-L29,10658.309427651517,13743143.270828832
Huawei Was-Al00,23436.291666666668,3792216.6283903215
Huawei Was-Tl10,3424.5,7280485.256780643
Huawei Y3,1179.4,8375324.708136772
Huawei Y3Ii,8354.666666666666,6950005.756780643
Huawei Y5,2266.5,7002816.1811025785
Huawei Y5 2017,31189,13764
Huawei Y5 2018,8553.19761904762,6938426.64834413
Huawei Y5 Prime 2018,7635,167010
Huawei Y5Ii,6744.804878048781,6552389.011555151
Huawei Y6,247,380537
Huawei Y6 2017 Huawei Nova Young,9999.4,9819917.694619674
Huawei Y6 2017 Huawei Nova Young Huawei Y5 2017,5091.125,6447102.692585482
Huawei Y6 2018,4447.576036991047,15783935.975794626
Huawei Y6 Prime 2018,64615,7502921
Huawei Y6 Pro,3877,1542143
Huawei Y6 Pro 2017 Huawei P9 Lite Mini,1881.5,17512317.635170966
Huawei Y635,2948.285714285714,9819038.973003684
Huawei Y6Ii,10065,10106089
Huawei Y7,20189.5,46545
Huawei Y7 2018,4373.266820987654,15710598.353523595
Huawei Y7 Prime,9304,2246
Huawei Y7 Prime 2018,18392,52527269.5
Huawei Y7 Prime 2018 Huawei Y7 Pro 2018,1426,2390956
Huawei Y9 2019,13300.045926666666,20809914.27034193
Infinix Technolo. Hot 6,1550,1060257
Infinix Technolo. Infinix Hot Note,2709,6518771
Infinix Technolo. Infinix Surf Bravo,5021,185
Infinix Technolo. Note 3 Pro,7930,255420
Infinix Technolo. X511,2491,12011556.635170965
Infocus Corporat. Infocus Vzh,5329,14496553.180227952
Intermec Technol. Series 70 (Cn70 1000Cp01U) (Cn70E 1000Cp02U) (Ck70 1001Cp01U),182.5,20809914.27034193
Itel Technology. S31,298,314053
Itel Technology. S33,8281,6907790
Kapsys Smartvision Kapsys Smartvision By Kapsys Smartconnect,576,34941
Kapsys Smartvision2 Smartconnect2,289,10407605.135170965
Kazam Mobile Lim. Kazam Trooper 451,6,20809914.27034193
Kenxinda V7,2277,1542354
Kenxinda Victor Vm-66 N6000 K6,1948,75734
Kiwip Technologi. Montre Telephone Connectee Kiwip,136,13876379.513561286
Kook (Hong Kong). Teeno T600,7172.8,4409758.4
Kvd Internationa. Doogee Mix,17397,38205.666666666664
Kvd Internationa. Doogee Mix Lite,13118,3533826
Kvd Internationa. Doogee S30,717,20809914.27034193
Kvd Internationa. Doogee S55,7,20809914.27034193
Kvd Internationa. Doogee S55 Lite,50432,84031
Kvd Internationa. Doogee S60,13364,132078
Kvd Internationa. Doogee X10,946.75,31933.5
Kvd Internationa. Doogee X20,6932,539149
Kvd Internationa. Doogee X30,304,108146
Kvd Internationa. Doogee X5,247,1779331
Kvd Internationa. Doogee X5 Max Pro,2049,20809914.27034193
Kvd Internationa. Doogee X50,646,20809914.27034193
Kvd Internationa. Doogee X60L,39366.5,10724025.135170965
Kvd Internationa. Doogee Y6 C,15393,37559
Leagoo Intl Co. . Leagoo Lead 6 Lead 5 Lead 7,2954,140170
Leagoo Intl Co. . Leagoo T5,9124,7360378
Lemobile Informa. Le X527,35272,105885
Lemobile Informa. Le X820,9661,20809914.27034193
Lemobile Informa. Lex622,2081,70824
Lemobile Informa. Lex626,2080,93106
Lemobile Informa. Lex651,3793,8218054
Lemobile Informa. Lex720,44,20809914.27034193
Lenovo A6020A40,211,61888
Lenovo Al12415545,9093.541666666666,5213555.859252149
Lenovo Al12492145,3061,8363376.708136772
Lenovo Bl12416045,9675.034120416667,7752246.0929300375
Lenovo D012064645,27395,595771.75
Lenovo Gl12494745,3213.333333333333,13887331.513561286
Lenovo K Pro,11623.5,10697084.135170965
Lenovo K520,4043,116350
Lenovo K6,7793,58911.5
Lenovo Lc12988845,13817.966666666667,6530800.920735052
Lenovo Lenovo A Plus Lenovo Vibe A Plus,4697,70737.66666666667
Lenovo Lenovo A588T,714,2773914
Lenovo Lenovo A6020A40,14245.833333333334,7297664.92344731
Lenovo Lenovo B Lenovo Vibe B,24272.333333333332,25677.333333333332
Lenovo Lenovo K50-T3S,746,20809914.27034193
Lenovo Lenovo K52E78,5452,15362
Lenovo Moto C,1745,7095
Lenovo Moto C Plus Lc12988845,9959.5,10484126.635170965
Lenovo Moto E,16138,2660
Lenovo Moto E (2Nd Gen) With 4G Lte St12406045,10823,6231500.054068386
Lenovo Moto E (3Rd Gen) Ta12892945,328,20809914.27034193
Lenovo Moto E (4Th Gen),1681.5,10419514.135170965
Lenovo Moto E Plus (4Th Gen),172,35652
Lenovo Moto E Plus (4Th Gen) Go12071045,10642.634615384615,6951307.053553596
Lenovo Moto G,3220.3333333333335,10498939.968504297
Lenovo Moto G (2Nd Generation) Xt1064 Ti12402745,16,20809914.27034193
Lenovo Moto G (2Nd Generation) Xt1068 Indr000145,11516,164820
Lenovo Moto G (3Rd Gen),25795,69311
Lenovo Moto G (3Rd Gen) Ca12459445,13488.42857142857,6267244.791526265
Lenovo Moto G (4Th Gen) Af12802745,10402.6,196667.1
Lenovo Moto G (5Th Gen S) D012081145,22767.333333333332,7409733.756780643
Lenovo Moto G (5Th Gen) Da12936945,1723,6040
Lenovo Moto G (5Th Gen) Da12984545,16342.42857142857,17866042.33014654
Lenovo Moto G (5Th Gen) Da12985045,29460,344934
Lenovo Moto G (5Th Gen) Indr003546,15218.052631578947,5487052.951650932
Lenovo Moto G Play (4Th Gen) Ju12738345,7629,890331
Lenovo Moto G Play (4Th Gen) Ju12797645,12639.4,9528562.508136772
Lenovo Moto G Plus (4Th Gen) Af12802845,25679.2,4321667.054068386
Lenovo Moto G Plus (5Th Gen) Co128983645,14644,5577
Lenovo Moto G Plus (5Th Gen) Co12984045,26811.5,2190763.5
Lenovo Moto G With 4G Motorola M0Fa8,10045,16652533.016273543
Lenovo Moto G Xt1032,8584,10962879.135170965
Lenovo Moto X (2Nd Generation) X112360445,9631,538158.5
Lenovo Moto X (4Th Gen) Ib12266545,115,20809914.27034193
Lenovo Moto X Play,9589,1674
Lenovo Moto X Play Lx12506245,10464,254047
Lenovo Moto X Style,21614,299563
Lenovo Moto X Style Indr001145,11824,1775619
Lenovo Moto Z Force (2Nd Gen) Ge12072245,252,8868168
Lenovo Moto Z Play (2Nd Gen) Ho12005845,6807.015308888888,386720
Lenovo Moto Z Play Vx12752445,35150,299169.5
Lenovo Moto Z Ve12657645,15848,3024874
Lenovo Motorola Moto G (2Nd Generation) Xt1068 Ti12402545,313,22593
Lenovo Motorola Razr I Sm12334645 M0D12 Xt890,395,132497
Lenovo Nexus 6 Valocia,15638,10457621.635170965
Lenovo P2 Ku12842445,23071.4375,2237922.3125
Lenovo Ro12524245,25736.333333333332,7138484.42344731
Lenovo Sl12367645,11862.5,6941901.317585482
Lenovo Xt1772,6759.125,7815944.601378223
Lenovo Za12074545,10758.5,799
Lephone U Pro,44226,850582
Lg C70,11012,116721.5
Lg Ck,391,20809914.27034193
Lg G2,249,9464294
Lg G3,30373.76148166667,9941945
Lg G4,18215,6939463.090113976
Lg G4C,17766.333333333332,10684262.756780643
Lg G6,28317.568197555556,12456205.802712258
Lg G6+,13300.045926666666,27063262
Lg Gt540,17,1330
Lg K10,49184,1575702
Lg K10 2017,678,20809914.27034193
Lg L Bello,9716.583333333334,1444496.9166666667
Lg L80,2724.5,912533.5
Lg Leon,609,227430
Lg Lg-D315,12,92
Lg Lg-D620Fr,8736,1482046
Lg Lg-D722,18865,1054610
Lg Lg-E610,343.875,7805483.976378223
Lg Lg-H635,24458.666666666668,15748240.180227952
Lg Lg-H818P,40679,1865530
Lg Lg-P700,302.85714285714283,2992271.467191704
Lg Lg-T385,0,20809914.27034193
Lg Lg-X145,373,37452
Lg Lm-G710Em,21836,3275
Lg Lm-X410Eow,508,20809914.27034193
Lg Nexus 4 (E960),8756.5,8578689.5
Lg Nexus 5,11210,11338839.70813677
Lg Nexus 5X,14522.155979047619,3657842.8957631327
Lg Optimus L3 Lg-E400,285,1330
Lg Optimus L5 Ii,1999.6666666666667,134108
Lg V20,851,834
Lg V30+,16605,3500016
Lg X Power2,18334,1733509
Lg-As330,587,1598296
Lg-H410,2957,97665
Lg-H791,32752,631042
Lg-H791F,1552,20809914.27034193
Lg-H811,5540,7647
Lg-H815,28027.25,6780526.222987901
Lg-H850,25034.214285714286,6327447.220097694
Lg-H860,37502.5,10405261.635170965
Lg-H870Ds,12944.75,5425208.067585482
Lg-H870S,22018,13032872.635170965
Lg-K100,13433.5,10684350.635170965
Lg-K100Ds,10305,6650
Lg-K120E,11881.166666666666,6944825.590113976
Lg-K350Nds,8625.714285714286,8698431.181477418
Lg-K420N,9664,7449485.090113976
Lg-K430Ds,1426,535
Lg-K520,6936,266192
Lg-K600Y,16090,4169
Lg-M160,4401,34446
Lg-M200N,15440.333333333334,7323448.756780643
Lg-M320N,26128,8664
Lg-M400Dy,4147,28409711
Lg-X210,1209,23623
Lg-X210Ds,6910,9109271
Lg-X230Fv,14146,1406558
Lgms631,8700,355061
Lidaxin Technolo. Glida Be09,7551,3896916
Lidaxin Technolo. My81,4548,1645758
Logicom Sa Id Bot 54,365,20809914.27034193
Logicom Sa L-Egant One,10840,237538
Logicom Sa L-Ement 400,0,20809914.27034193
Logicom Sa L-Ement 403,4097.888888888889,8533604.312336199
Logicom Sa L-Ement 505 T580,6722,817727
Logicom Sa L-Ement 551,16460,22473739
Logicom Sa L-Ement 553,1113,583751
Logicom Sa L-Ite 400M,7430.5,10572133.635170965
Logicom Sa L-Ite 504Hd,23959,239141
Logicom Sa L-Ite 552,13620.666666666666,391457.3333333333
Logicom Sa Le Hello,7192.8,8877743.8
Logicom Sa Le Lift,226,10443027.635170965
Logicom Sa Le Must,35,20809914.27034193
Logicom Sa Le Smooth,6925,177210
Logicom Sa Le Up,9286,5533492.5
Logicom Sa Logicom B Bot 50,1705,20809914.27034193
Logicom Sa Logicom Id Bot 53+,255,7970116
Logicom Sa Logicom Id Bot 553+,257,20584065
Logicom Sa Logicom Le Moov,2127.3333333333335,779104.6666666666
Logicom Sa Logicom Power Bot,155,20809914.27034193
Logicom Sa Logicom Vr Bot 552+,10357,2660
Logicom Sa M Bot 60,4555,8809624.423447309
M S Soha Enterp. Qphone Q70,7961,2935430
Maysun Info Tech. M4028,9770,3401517
Maysun Info Tech. M5026,993,20809914.27034193
Maysun Info Tech. M5046,40,20809914.27034193
Maysun Info Tech. Maysunm Mid5702,267,20809914.27034193
Meizu Technology. M3 Note,24509,579
Meizu Technology. M5,6443,10414425.635170965
Meizu Technology. M5 Note,42468,715841
Meizu Technology. M5C,1197,20809914.27034193
Meizu Technology. M6 Note,3376,3242876
Meizu Technology. Meizu U20,18920,118374
Meizu Technology. Mx5 Pro,32,20809914.27034193
Meizu Technology. Mx6,11306,125252
Meizu Technology. Pro 5,252,20809914.27034193
Meizu Technology. Pro 6 Plus,4931,1876820
Meizu Technology. Pro 6S,5075,2011868
Meizu Technology. Pro 7,8269,2159761
Microsoft Mobile. Microsoft Rm-1071 Microsoft Lumia 435,457,87558
Microsoft Mobile. Microsoft Rm-1075 Microsoft Lumia 640 Lte Dual Sim,6641.615384615385,11206249.201696275
Microsoft Mobile. Microsoft Rm-1089 Microsoft Lumia 535,3342.6666666666665,220009
Microsoft Mobile. Microsoft Rm-1090 Microsoft Lumia 535 Dual Sim,498,15295
Microsoft Mobile. Microsoft Rm-1099 Microsoft Lumia 435 Dual Sim,1911.4,8418386.108136771
Microsoft Mobile. Nokia Lumia 530 Dual Sim Rm-1019,2270.2,6313538.281102579
Microsoft Mobile. Nokia Lumia 530 Rm-1017,275.6666666666667,6970415.42344731
Microsoft Mobile. Nokia Lumia 630 Dual Sim Rm-978,622,20440
Microsoft Mobile. Nokia Lumia 630 Rm-976,504,13891220.513561286
Microsoft Mobile. Nokia Lumia 635 Rm-974,982.875,14762670.399825534
Microsoft Mobile. Nokia Rm-1034 Microsoft Lumia 532,4110.6,13702367.762205157
Microsoft Mobile. Nokia Rm-974 Nokia Lumia 635,439.3333333333333,20809914.27034193
Microsoft Mobile. Rm-1011 Nokia 225 Dual Sim,221.5,10496075.135170965
Microsoft Mobile. Rm-1062 Lumia 640 Xl Lte,4893,45
Microsoft Mobile. Rm-1065 Lumia 640 Xl Lte Dual Sim,1688.4,8851596.908136772
Microsoft Mobile. Rm-1072 Lumia 640 Lte,4698.424242424242,9673046.031973604
Microsoft Mobile. Rm-1072 Microsoft Lumia 640 Lte,7077.4,12605166.762205157
Microsoft Mobile. Rm-1085 Microsoft Lumia 950 Xl,15030,10515028.635170965
Microsoft Mobile. Rm-1089 Microsoft Lumia 535,465,10426272.135170965
Microsoft Mobile. Rm-1090 Microsoft Lumia 535 Dual Sim,861.1,8447594.808136772
Microsoft Mobile. Rm-1104 Microsoft Lumia 950,10696.666666666666,10476611.30183763
Microsoft Mobile. Rm-1116 Microsoft Lumia 950 Xl,1026.3333333333333,13902346.84689462
Microsoft Mobile. Rm-1118 Microsoft Lumia 950,165,42084
Microsoft Mobile. Rm-1127 Microsoft Lumia 550,5775.68,8419458.108136771
Microsoft Mobile. Rm-1152 Microsoft Lumia 650,6975.083333333333,10418357.135170965
Microsoft Mobile. Rm-1154 Microsoft Lumia 650 Dual Sim,1962.5,5204234.817585482
Mikrotikls Sia R11E-Lte,126,10405026.135170965
Mobiwire Sas Mobiwire Auriga,0,20809914.27034193
Modelabs Clap Plus 2,6247.2,574168.7
Modelabs Horizon M,10258,345076
Mptech Hammer Energy 18X9,72,20809914.27034193
Mundo Reader S.L. Aquaris U2 16+2,38513,543
Neel Enterprise Kolor Crosscall Odyssey,2119,103694.75
Neel Enterprise Kolor Crosscall Trekker-X1,15479,4558
Neel Enterprise Kolor Crosscalltrekker-X2,20792.5,5711026.666666667
Netgear Inc Aircard 810S,15430.209185333335,29760191.708136775
Netgear Inc Netgear Ac785S-100,12778,21465891.567585483
Netgear Inc Nighthawk Ac1900 Cat 6 Lte Gateway,7554.75,6067422.067585482
New-Bund Technol. Mix 2,13300.045926666666,11207179
New-Bund Technol. Thor,63091,2491350.25
Nokia 1661-2 1661,12974,687062
Nokia 520 Lumia 520 Nokia 520,1119.4807692307693,11650490.419998385
Nokia 610 Nokia 610,119.5,10416262.135170965
Nokia 620 Lumia 620 Nokia 620,1973.5,53423
Nokia 625 Lumia 625,597.5,166454
Nokia 800 Nokia 800,2770,529876
Nokia 820.1 Lumia 820,694,1330
Nokia 920.1 Lumia 920,128.5,20809914.27034193
Nokia 920.1 Lumia 920 Rm-821,8099.333333333333,13881154.84689462
Nokia 925.1 925.4 Lumia 925 Nokia 925,6325,842962
Nokia Lumia 1020,1079,18590
Nokia Lumia 520 Nokia 520,329,20809914.27034193
Nokia Lumia 630 Dual Sim Rm-978,1626,20809914.27034193
Nokia Lumia 635 Rm-974,1596.5714285714287,8953084.115860825
Nokia Lumia 635 Rm-975,43,20809914.27034193
Nokia Lumia 925 Lumia 925,37245,1330
Nokia N8-00,22,20809914.27034193
Nokia Rm-1017 530 Lumia 530,1117.5714285714287,6004717.791526265
Nokia Rm-1019 Lumia 530 Dual Sim,449,69160
Nokia Rm-1038 Nokia Lumia 735,2623.6363636363635,17047172.31209794
Nokia Rm-1045 Lumia 930 Nokia 930,500,20809914.27034193
Nokia Rm-1089 Lumia 535 Microsoft Lumia 535,350,7401271.42344731
Nokia Rm-1090 Lumia 535 Dual Sim Microsoft Lumia 535 Dual Sim,2878,95085.5
Nokia Rm-1091 Lumia 535 Microsoft Lumia 535,5306,13274923.135170965
Nokia Rm-914 520 Lumia 520 Nokia 520,551,43080
Nokia Rm-941 625 Lumia 625,647,17283
Nokia Rm-941 Nokia 625 Lumia 625,7293.5,7377796.067585482
Nokia Rm-976 Lumia 630,670,2660
Nokia Rm-980 Nokia X,25,20809914.27034193
Nokia Rm-984 Lumia 830 Nokia 830,5090.714285714285,15340641.764529949
Nokia Rm-998 525 Lumia 525 Nokia 525,873,9310
Nokia Test Imei,300,20809914.27034193
Nokia X,296,3990
Nubia Technology. M2 Play,30459,50965
Nubia Technology. Nx569H,7757,560802
Nubia Technology. Z17 Mini,22071,10914755
Nubia Technology. Z17S,11210.5,10417448.135170965
Oneplus Technolo. One A0001,9588.5,6817.5
Oneplus Technolo. One A1001 Oneplus A0001 One A0001,29413.5,1452636.25
Oneplus Technolo. One A2003,34130.666666666664,2883009.6666666665
Oneplus Technolo. One E1003,3880,118938.5
Oneplus Technolo. Oneplus 3,22891.846153846152,3602943.174641687
Oneplus Technolo. Oneplus 3T,19135,2704219.6609401754
Oneplus Technolo. Oneplus 5,31419.90466235294,3449655.599634661
Oneplus Technolo. Oneplus 5T,29776.481394509807,3568674.855334345
Oneplus Technolo. Oneplus 6,20937.388208586955,9747927.593342483
Oneplus Technolo. Oneplus 6T,16221.340450942027,10728802.648679415
Oneplus Technolo. Oneplus A3000,10074,1726511
Oneplus Technolo. Oneplus A3003,23218.6,4352544.454068386
Oneplus Technolo. Oneplus5T,19185.385326349206,2245604.012873425
Oppo 1201,4094,1195725
Oppo A1601,10386.6,9450690.054068387
Oppo A33F,33559,37733
Oppo A37F,29428,1047
Oppo A37Fw,9964,121078
Oppo Cph1609,22949.25,974269.75
Oppo Cph1701,50566,1010596
Oppo Cph1723,65257,46366
Oppo Cph1725,12359,932260
Oppo Cph1729,562,932756
Oppo Cph1821,1820,161631
Oppo Cph1837,33893.5,11798380.5
Oppo Cph1877,52551,10545489.135170965
Oppo Cph1893,12424.409185333334,7446376.654068386
Oppo Cph1903,18798,10406934.135170965
Oppo F1F,17277,2660
Oppo Pacm00,1585,248188
Oppo Pbam00,3079,20809914.27034193
Oppo R11S,4,20809914.27034193
Option Nv Option Gtm661W Globesurfer Iii+,8,20809914.27034193
Orbita Telecom L. Konrow,6147.272727272727,3129915.5454545454
Ovvi-Cellphone T. Echo,62935,17707521
Pacific Co (Bd). Nexus Nx14 Nx15 Nx65 Nx66 Nx8,478.3333333333333,9756623
Power Idea Techn. Rg160,79,19395
Power Idea Techn. Rg310,217,10407313.635170965
Power Idea Techn. Rg730 Md501 D1,423,20809914.27034193
Power Idea Techn. Ruggear Rg230 Ruggear Rg500 I.Safe Innovation2.0,53,20809914.27034193
Pt. Arga Mas Les. Advan S35D,107,66353
Qingdao Hisense. Cmb510,1723,20809914.27034193
Qingdao Hisense. Hisense C20,16205.666666666666,1651940.3333333333
Qingdao Hisense. Hisense F17,4212,7000214
Qingdao Hisense. Hisense F17 Pro,8358,253670
Qingdao Hisense. Hisense F20,1821.5,3152892
Qingdao Hisense. Hisense F23,15569.681975555555,3117409
Qingdao Hisense. Hisense F24,15577,20809914.27034193
Qingdao Hisense. Hisense F31,16050,13327482.635170965
Qingdao Hisense. Hisense L675,7056,10411454.135170965
Qingdao Hisense. Hisense L830,271,20809914.27034193
Qingdao Hisense. Hs-U606 Starshine 4 Hs-U961 U602 Hs-U601,251,1324634
Qingdao Hisense. Hs-U609 Hisense I500U Hisense E260U Hs-U607 Hs-U980 Pure 1 Eco,1439.6666666666667,10391.666666666666
Qingdao Hisense. S41,23955.5,20809914.27034193
Qingdao Hisense. Staraddict 6,409,20809914.27034193
Qingdao Hisense. Starxtrem 6,493,940549
Quanta 1Kg,211,111685
Quartel Infotech. Maximus M84,6292,30871978.135170966
Quectel Wireless. Quectel Ec21-E,2,20809914.27034193
Quectel Wireless. Quectel Ec25-E,1,20809914.27034193
Quectel Wireless. Quectel M10,3,20809914.27034193
Rainbow Communic. C45,5932.666666666667,8647119.090113977
Razer Inc Razer Phone,28469,2195574
Razer Inc Razer Phone 2,16605,337940
Rim 8520,0,20809914.27034193
Rim 9000 (At&T),60,1330
Rim 9780 Rcm72Uw Rcm73Uw (Fdd I Ii V Vi) (Generic),0,20809914.27034193
Rim Blackberry (Q5),4653,185933
Rim Blackberry 8520,0,20809914.27034193
Rim Blackberry 9300,0,20809914.27034193
Rim Blackberry 9320,0,20809914.27034193
Rim Blackberry 9360,0,20809914.27034193
Rim Blackberry 9720,0,20809914.27034193
Rim Blackberry 9790,0,20809914.27034193
Rim Blackberry 9800,0,20809914.27034193
Rim Blackberry 9860,0,20809914.27034193
Rim Blackberry 9900,0,20809914.27034193
Rim Blackberry Passport Sqw100-1 Rgy181Lw,611.5,10437985.385170965
Rim Blackberry Rhd131Lw (Str100-1),2368.75,10422551.385170965
Rim Blackberry Rhm181Lw (Stv100-4),34,20809914.27034193
Rim Blackberry Sqc100-1 Rhh151Lw,5445.333333333333,10432427.968504297
Rim Blackberry Sqc100-4 Rhg161Lw,44,20809914.27034193
Rim Blackberry Sqn100-3 Q10 Rfn81Uw,4620.083333333333,5483267.5450569885
Rim Blackberry Sta100-2 Z30 Rfw121Lw,276,5651
Rim Blackberry Stl100-1 Z10 Rfg81Uw,3873,1364719
Rim Blackberry Stl100-2 Z10 Rfh121Lw,5959.5,27679099.202756446
Rim Pearl 8100,0,20809914.27034193
Samsung 2018 Galaxy J4,16253,4769807.416666667
Samsung Galaxy A3 (Sm-A300X),10511.554945054944,6303217.828502409
Samsung Galaxy A3 (Sm-A310X),13186.718092504318,8000801.108824317
Samsung Galaxy A3 (Sm-A320),4881.868903486122,15915232.443379933
Samsung Galaxy A5 (Sm-A500X),8152.431818181818,4909269.98097126
Samsung Galaxy A5 (Sm-A510X),15932.239654333333,4730723.758719856
Samsung Galaxy A5 Sm-A520F,6263.4924625414005,15435092.243202824
Samsung Galaxy A5 Sm-A520F Ds,23795.9,4053218.827034193
Samsung Galaxy A6,5277.851851851852,15539859.822373413
Samsung Galaxy A6 (Sm-A605F),33034,245002
Samsung Galaxy A6 (Sm-A605Fn),6272.369820694445,15395798.74060221
Samsung Galaxy A6 Duos (Sm-A605G Ds),42295,1370883
Samsung Galaxy A6 Sm-A600Fn Ds,6080.336639963979,15741622.235233255
Samsung Galaxy A7 (Sm-A700X),15641.6,4692061.454068386
Samsung Galaxy A7 (Sm-A710X),38354,1365043
Samsung Galaxy A7 (Sm-A730F),37811,16487.5
Samsung Galaxy A7 2018,8284.748670240964,15730366.428472402
Samsung Galaxy A7 Sm-A720F Ds,25620.5,23085313.5
Samsung Galaxy A8 (2018),6268.956711663308,16578699.678742431
Samsung Galaxy A9 2018,19641.4,8925890.108136771
Samsung Galaxy Ace (Gt-S5830),920.8214285714286,13381973.138076955
Samsung Galaxy Ace (Gt-S5839I),408.2142857142857,11899190.954481103
Samsung Galaxy Ace 2 (Gt-I8160),2877.2,12557238.362205157
Samsung Galaxy Ace 3 (Gt-S7275),873,12500762.362205157
Samsung Galaxy Alpha (Sm-G850X),7950.133333333333,8894347.356780643
Samsung Galaxy C5 (Sm-C500X),40572.5,1614005
Samsung Galaxy Core 2 (Sm-G355X),3429,46394067
Samsung Galaxy Core Prime (Sm-G360X),8416.3125,9098328.347987901
Samsung Galaxy Core Prime (Sm-G361F),7412.206349206349,8974635.753135277
Samsung Galaxy Express Gt-I8730,10810,76548
Samsung Galaxy Grand (Gt-I9060X),4424.966216216216,7098858.68883461
Samsung Galaxy Grand 2 (Sm-G7105),14734.2,12537234.162205156
Samsung Galaxy Grand Prime (Sm-G530F),7563.308575108024,15223583.241375139
Samsung Galaxy Grand Prime (Sm-G530X),16909.418367346938,6898380.459746214
Samsung Galaxy Grand Prime Ve (Sm-G531X),9279.272727272728,6630301.334657741
Samsung Galaxy J1 (Sm-J100X),1362,4884431.926206451
Samsung Galaxy J1 (Sm-J120X),9027.153846153846,8492790.852412902
Samsung Galaxy J1 Ace (Sm-J111X),20407,1969804.3333333333
Samsung Galaxy J1 Mini (Sm-J105X),2241.75,33791871.81758548
Samsung Galaxy J1 Mini Prime (Sm-J106B),8599,323366
Samsung Galaxy J1 Pop (Sm-J110X),493,10405622.135170965
Samsung Galaxy J2,18843.916666666668,7225508.833333333
Samsung Galaxy J2 (Sm-J200X),1993,785741.5
Samsung Galaxy J2 2018 Duos (Sm-J250F Ds),8021,5049420
Samsung Galaxy J2 Core Sm-J260F Ds,14423,712015
Samsung Galaxy J2 Prime (Sm-G532),12625,5143858.951356129
Samsung Galaxy J3 (Sm-J320X),8748.304943546926,9399264.655109856
Samsung Galaxy J3 (Sm-J327),674,25342994
Samsung Galaxy J3 (Sm-J330),3746.85977764858,16336038.065942567
Samsung Galaxy J3 (Sm-J330G Ds),16357.285714285714,10748864.181477418
Samsung Galaxy J4,13077,6005784
Samsung Galaxy J4 Core,5857.5,10419143.635170965
Samsung Galaxy J4+,6958.55,19262874.79868806
Samsung Galaxy J5,13529.011481666666,47765098.81758548
Samsung Galaxy J5 (Sm-J500X),14126.98717948718,9817329.058584282
Samsung Galaxy J5 (Sm-J510X),14261.847328244276,6322300.25676715
Samsung Galaxy J5 (Sm-J530),3007.97961297875,17824183.60745453
Samsung Galaxy J5 Prime Dual-Sim (Sm-G570F Ds),10800,1192113
Samsung Galaxy J6,5146.752634048929,15428294.46390486
Samsung Galaxy J6+,5175.8690006574625,15793993.447078276
Samsung Galaxy J7,6742.098569458333,14255780.223441336
Samsung Galaxy J7 (Sm-J700X),6867.75,1254038
Samsung Galaxy J7 (Sm-J701F Ds),11296.307692307691,4624981.4054109175
Samsung Galaxy J7 (Sm-J701F),21243,1197
Samsung Galaxy J7 (Sm-J710X),15909.118705035971,4177997.3466928047
Samsung Galaxy J7 (Sm-J730),5985.156949738095,15459257.956237538
Samsung Galaxy J7 Prime (On7) Duos (Sm-G6100),22402,1795769
Samsung Galaxy J7 Prime Duos (Sm-G610F Dd),26744.75,10627.75
Samsung Galaxy J7 Prime Duos (Sm-G610F Ds),10213.111111111111,5754851.918926882
Samsung Galaxy J8 2018,27201,115752646
Samsung Galaxy K Zoom Sm-C111,14427,1395470
Samsung Galaxy Mega (Gt-I9205),19743,1143949
Samsung Galaxy Mega Duos (Gt-I9152),16594,2632318
Samsung Galaxy Mini (Gt-S5570),743.6,8794283.308136772
Samsung Galaxy Mobile (E.G. A3Lschi535),12110,5369
Samsung Galaxy Note (Gt-N7000),3008.8333333333335,3565844.211723655
Samsung Galaxy Note 2,3236.3333333333335,5004877.333333333
Samsung Galaxy Note 2 (Gt-N7100),4630.272727272727,4620104.685516714
Samsung Galaxy Note 2 (Gt-N7105),21867.666666666668,3643908.8783903215
Samsung Galaxy Note 3 (Sm-N9002),3842,266318
Samsung Galaxy Note 3 (Sm-N9005),13673.846153846154,5339317.216232752
Samsung Galaxy Note 3 (Sm-N900X),390,669381
Samsung Galaxy Note 4 (Sm-N910X),18919.68404699187,3568174.2149030683
Samsung Galaxy Note 5 (Sm-N920X),23293,211476.5
Samsung Galaxy Note 8,8426.692307692309,14476843.841005951
Samsung Galaxy Note 8 (Sm-N9500),27,334
Samsung Galaxy Note 8 (Sm-N950F Ds),5185.059146111111,15647038.443995366
Samsung Galaxy Note 8 (Sm-N950F),10217.288046499889,14074581.342151029
Samsung Galaxy Note 8 (Sm-N950U),3,20809914.27034193
Samsung Galaxy Note 9,21944,828918.5
Samsung Galaxy Note Edge (Sm-N915X),7115.5,44133.5
Samsung Galaxy Note5 (A3Lsmn920P),2845,272315
Samsung Galaxy Note9,8294.79491232821,15415035.75147604
Samsung Galaxy On 7,42003,10752985
Samsung Galaxy On5 (Sm-G550X),689,2008204
Samsung Galaxy Pocket Gt-S5301,220,2660
Samsung Galaxy S (Gt-I9000),660.125,18741142.861549187
Samsung Galaxy S10,9971.481157610147,14185878.060402077
Samsung Galaxy S2 (Gt-I9100),1995.3095238095239,11216514.570179107
Samsung Galaxy S3 (Gt-I9300),4121.166666666667,5632721.645056988
Samsung Galaxy S3 (Gt-I9305),6986.333333333333,7313637.256780643
Samsung Galaxy S3 Mini (Gt-I8190),1999.7222222222222,4832240.171187095
Samsung Galaxy S3 Mini Ve(Gt-I8200X),1105,882691.3333333334
Samsung Galaxy S3 Neo(Gt-I9301X),2574,5851700.067585482
Samsung Galaxy S4 (Gt-I9500),9576,454377
Samsung Galaxy S4 (Gt-I9505),13624.234353925927,8904350.129454909
Samsung Galaxy S4 (Gt-I9515),15425,342487.5
Samsung Galaxy S4 (Sgh-I337M),122,3990
Samsung Galaxy S4 Active Gt-I9295,39814,54932
Samsung Galaxy S4 Advance (Gt-I9506),13866,676305
Samsung Galaxy S4 Mini (Gt-I9195),7971.192,8133816.770404462
Samsung Galaxy S5 (Sm-G900F),13800.448275862069,7755896.685243158
Samsung Galaxy S5 (Sm-G900W8),16941,270917
Samsung Galaxy S5 (Sm-G900X),3770.4,1814585
Samsung Galaxy S5 Lte-A (Sm-G901X),14912.6727556,4343263.667034193
Samsung Galaxy S5 Mini (Sm-G800X),10485.607142857143,10910855.6554182
Samsung Galaxy S5 Neo (Sm-G903),21338.85759674074,3559600.3087198557
Samsung Galaxy S6 (A3Lsmg920P),10746.5,1786648.5
Samsung Galaxy S6 (Sm-G920X),7952.531924154375,13897021.354765361
Samsung Galaxy S6 Edge (Sm-G925X),8085.747830204402,13015482.920539435
Samsung Galaxy S6 Plus (Sm-G928),8191.729166666667,13144216.832633128
Samsung Galaxy S7 (Sm-G930X),7776.687060205438,14684855.661009954
Samsung Galaxy S7 Edge (Sm-G935X),8881.324101566193,13874268.788730659
Samsung Galaxy S8 (Sm-G950F),9322.183297020407,14626241.50674679
Samsung Galaxy S8 (Sm-G950Fd),9678.102135349794,13226129.759524316
Samsung Galaxy S8 (Sm-G950U),9797.333333333334,2084622.3333333333
Samsung Galaxy S8 Edge (Sm-G955U),13480,3428168
Samsung Galaxy S8 Plus (Sm-G955F),9513.961195992402,15068816.334348118
Samsung Galaxy S8 Plus (Sm-G955Fd),9106.255986038012,15197665.7504063
Samsung Galaxy S9,8813.58941611582,15282568.381511465
Samsung Galaxy S9 Plus (Sm-G965F),8927.765138832421,15161415.099873522
Samsung Galaxy S9 Sm-G960F,23003.733333333334,7227004.823447309
Samsung Galaxy S9 Sm-G960F Ds,9861.48137696149,14543491.943296392
Samsung Galaxy S9 Sm-G960N,43317,192826
Samsung Galaxy S9+,60610,20809914.27034193
Samsung Galaxy Tab A (Sm-T285),21207.5,481104.25
Samsung Galaxy Tab A (Sm-T555),23225.68197555556,7583383.756780643
Samsung Galaxy Tab A (Sm-T585),12171.75,24803417.601378225
Samsung Galaxy Tab A2 Xl,458,78470
Samsung Galaxy Tab Active Sm-T365,12422.25,7496358.567585482
Samsung Galaxy Tab E (Sm-T561),8186,1439748
Samsung Galaxy Tab S2 (Sm-T719),28434.666666666668,6937033.42344731
Samsung Galaxy Tab S3 (Sm-T825),25041.5,2927120.283792741
Samsung Galaxy Trend (Gt-S7560),829.875,5870793.513533668
Samsung Galaxy Trend Lite (Gt-S7390),2051.793103448276,8561841.043820132
Samsung Galaxy Trend Lite 2 (Sm-G318X),2285.029411764706,8623986.791750474
Samsung Galaxy Trend Plus (Gt-S7580),4333,39898
Samsung Galaxy Wave 2 (Gt-S8530),19,20809914.27034193
Samsung Galaxy Wave Y (Gt-S5380),2,20809914.27034193
Samsung Galaxy Xcover 2 Gt-S7710,350.5,10405622.135170965
Samsung Galaxy Xcover2 Gt-S7710,6373.5,1235725
Samsung Galaxy Xcover4 Sm-G390F,4296.147478070176,16094136.260178065
Samsung Galaxy Y,18,20809914.27034193
Samsung Galaxy Y (Gt-S5360),54.588235294117645,15916327.147908533
Samsung Galaxy Y (Gt-S5369),17,20809914.27034193
Samsung Galaxy Young (Gt-S5310),3465.5,10418884.635170965
Samsung Google Nexus (Gt-I9250),0,20809914.27034193
Samsung Gt-B3210C,375,662832.5
Samsung Gt-B5510,40,20809914.27034193
Samsung Gt-C3590,161,55860
Samsung Gt-I5500,35,20809914.27034193
Samsung Gt-I5510,29.75,15607454.202756446
Samsung Gt-I5700,31,20809914.27034193
Samsung Gt-I5800,66.75,15609205.452756446
Samsung Gt-I8260,1820,105010
Samsung Gt-I8700,212,31094
Samsung Gt-I8730,3957.4,4469017.254068386
Samsung Gt-I9003,132.66666666666666,13912666.84689462
Samsung Gt-I9105,0,20809914.27034193
Samsung Gt-I9105P,407,126755
Samsung Gt-P5220,40541,1070
Samsung Gt-S5280,33,20809914.27034193
Samsung Gt-S5660,24.5,15608100.702756446
Samsung Gt-S5690,495.7142857142857,8956268.687289398
Samsung Gt-S6310N,1,20809914.27034193
Samsung Gt-S6790N,21.5,10405068.135170965
Samsung Metro 350,392,14594
Samsung Sm-G110H,974.7142857142857,3006878.467191704
Samsung Sm-G350,2968.090909090909,7992630.528275072
Samsung Sm-G357Fz,8496.863636363636,7238691.363660467
Samsung Sm-G386F,4358.416666666667,10779597.30183763
Samsung Sm-G389F,3842.04731902521,13438551.49133243
Samsung Sm-G390F,2223.0646983383517,17438140.63895135
Samsung Sm-J106H Ds,5409.954545454545,6217414.503698533
Samsung Sm-J250Y Ds,9056.216666666667,15141397.441021744
Samsung Sm-N7505,12695.714285714286,8843374.824334562
Samsung Sm-T235,295,20809914.27034193
Samsung Sm-T819,9295.75,11665921.885170965
Samsung Xcover 3 (Sm-G388X),6804.634258357724,8354070.473418545
Sdt Electronica Startrail 8,7443.5,8323.5
Sentar Wireless. Sentar V80,95,10405616.135170965
Sfr Altice S11,1472,1868131
Sfr Altice S21,0,20809914.27034193
Sfr Altice S61,16501.5,11912796.135170965
Sfr Star Trail 5 By Sfr,7835,10416746.135170965
Sfr Starshine 5,5161.75,4543300.25
Sfr Startrail 6,1991,2660
Sfr Starxtrem5,70,27527
Sfr Starxtrem7,13080,11680771
Shanghai Chengyu. Pp6000,31506,951765
Shenzhen Boway E. Boway Boway U11,11563.4,8125083.454068387
Shenzhen Chainwa. C70,42036,20809914.27034193
Shenzhen City Ra. Mos1,22803,2854064
Shenzhen Diadem. Liquid Z6,360,26572
Shenzhen Fortune. M-Ppas6,9947,906955
Shenzhen Fortune. Nh001,4499.333333333333,7077119.42344731
Shenzhen Fortune. Ss5804G,7491,5997
Shenzhen Fortune. X8610,1784,1995
Shenzhen Gaoxinq. Gaoxinqi Et110,1,20809914.27034193
Shenzhen Guowei. V6304,39,20809914.27034193
Shenzhen Huadoo. Huadoo Hg03,2054,25002
Shenzhen Huanuo. B2803,22955.333333333332,23981624.333333332
Shenzhen Jeko Co. Blackview A20,4814,2194162.3333333335
Shenzhen Jeko Co. Blackview A20 Pro,71,20809914.27034193
Shenzhen Jeko Co. Blackview A7,9524.666666666666,1902545.6666666667
Shenzhen Jeko Co. Blackview Bv4000,13131,20809914.27034193
Shenzhen Jeko Co. Blackview Bv5000,6483.5,6791.5
Shenzhen Jeko Co. Blackview Bv5800,271.5,2803.5
Shenzhen Jeko Co. Blackview Bv5800 Pro,35,3498
Shenzhen Jeko Co. Blackview Bv6000,1789.6666666666667,607108.3333333334
Shenzhen Jeko Co. Blackview Bv7000,9606.011481666666,92646.75
Shenzhen Jeko Co. Blackview Bv8000 Pro,14639,6195092.254068386
Shenzhen Jeko Co. Blackview Bv9000 Pro,18957,890565.5
Shenzhen Jeko Co. Blackview P10000Pro,1689.5,10408494.635170965
Shenzhen Jeko Co. Blackview S8,2383.3333333333335,7914958.756780643
Shenzhen Jsr Tec. Innos K502,6419,304667
Shenzhen Kdi Com. D58,30,16648197.416273544
Shenzhen Kelly T. Kliton Kailitong F168,186,312102
Shenzhen Leagoo. Leagoo M9 Pro,20934,5983
Shenzhen Leagoo. Leagoo S8,74086,15875938
Shenzhen Malata Liger 81G Smb-E1002 Smb-E8001,3554,20809914.27034193
Shenzhen New Cha. Cb358,10,272
Shenzhen Sprocom. Fly Iq4490,42,20809914.27034193
Shenzhen Xin Kin. V1600,15320,11328
Shenzhen Xin Kin. V18H,560,18620
Shenzhen Yiqingt. Yqt1213,3,20809914.27034193
Sierra Wireless Airprime Q2687,36,20809914.27034193
Sierra Wireless Hilo3G 900,34,20809914.27034193
Sierra Wireless Hl6528Rd-2.8V,2.5,20809914.27034193
Sierra Wireless Mc7710,727.25,5232661.067585482
Sierra Wireless Mc8355,13270,5756234
Sierra Wireless Usb305,12950.5,42252570
Simcom Wireless. Sim800H,3,20809914.27034193
Simcom Wireless. Sim900,2.3333333333333335,20809914.27034193
Simcom Wireless. Simcom Sim900,1,20809914.27034193
Sintave Technolo. Sintave S1000,7802,570509
Sonaki Corporati. Crown Japan Cr-Mp3019,821.5714285714286,12845512.58305253
Sonim Technologi. Sonim Xp7,157,20809914.27034193
Sony Ericsson E15I,4,20809914.27034193
Sony Ericsson Lt15I,43,20809914.27034193
Sony Ericsson Lt15I (Aad-3880097-Bv),1310.5,20809914.27034193
Sony Ericsson Lt18I,1218.8333333333333,11047242.968504297
Sony Ericsson Mt27I - Xperia Sola,42,7980
Sony Ericsson Sk17I,33,20809914.27034193
Sony Ericsson St17I,213,20809914.27034193
Sony Ericsson St18I,5,20809914.27034193
Sony Ericsson St25I - Xperia U,240,20809914.27034193
Sony Ericsson St25I Xperia U,424.8333333333333,271080.1666666667
Sony Ericsson U20I (Aad-3880072-Bv),29,20809914.27034193
Sony Mobile Comm. Pm-0951-Bv,774.5,10531696.135170965
Sony Mobile Comm. Pm-0953-Bv,820,10405567.135170965
Sony Mobile Comm. Pm-1150-Bv,13170.28239060606,14530200.618587827
Sony Mobile Comm. Pm-1151-Bv,8048.666666666667,7152520.756780643
Sony Mobile Comm. Pm-1162-Bv,19838.666666666668,6939848.666666667
Sony Mobile Comm. Pm-1164-Bv,18005.775862068964,17002027.05548042
Sony Mobile Comm. Pm-1181-Bv,14446.807692307691,9741514.201696275
Sony Mobile Comm. Pm-1190-Bv,16532,10520877.885170965
Sony Mobile Comm. Pm-1201-Bv,44,20809914.27034193
Sony Mobile Comm. Sony C1505 - Xperia E,1806.5,57271
Sony Mobile Comm. Sony C5303 -Xperia Sp,3836,20809914.27034193
Sony Mobile Comm. Sony C6802 Xl39H,14179,310507
Sony Mobile Comm. Sony D2105,5697.4,8326918.908136772
Sony Mobile Comm. Sony D2303 - Xperia M2,6308.2,4629373.454068386
Sony Mobile Comm. Sony Lt30P,6517,7908
Sony Mobile Comm. Sony St21I Xperia Tipo,56,20809914.27034193
Sony Mobile Comm. Sony St26I,7779,644018
Sony Mobile Comm. Sony Xperia M2,4518.666666666667,7051873.423447309
Sony Mobile Comm. Sony Xperia Z (C6603),34698,1146994
Sony Mobile Comm. Sony Xperia Z1 (C6903),280,20809914.27034193
Sony Mobile Comm. Sony Xperia Z1 Compact (D5503),3125,35196
Sony Mobile Comm. Sony Xperia Z2 (D6503),15088,234185
Sony Mobile Comm. Sony Xperia Z3,28262.666666666668,2802650.3333333335
Sony Mobile Comm. Xperia C4 Dual,12646,5066076.5
Sony Mobile Comm. Xperia E3,3215.3333333333335,12232703.782699458
Sony Mobile Comm. Xperia E4,5006,891535
Sony Mobile Comm. Xperia E4G,1039.5,10485918.135170965
Sony Mobile Comm. Xperia E4G Dual,12393.5,10430250.135170965
Sony Mobile Comm. Xperia E5,11377.918367346938,4106679.242701908
Sony Mobile Comm. Xperia L1,12573.802631578947,4495599.605453225
Sony Mobile Comm. Xperia L2,3759,2498990
Sony Mobile Comm. Xperia M2 Dual,463,713807
Sony Mobile Comm. Xperia M4 Aqua,16247.333333333334,3801164.961723655
Sony Mobile Comm. Xperia M4 Aqua Dual,2307.75,39079
Sony Mobile Comm. Xperia M5,3991.5,10405228.635170965
Sony Mobile Comm. Xperia M5 Dual,258,11083784
Sony Mobile Comm. Xperia T3,1741.5,11933628.771799639
Sony Mobile Comm. Xperia X,21478.678900860217,3026827.187452445
Sony Mobile Comm. Xperia X Compact,20598,180393
Sony Mobile Comm. Xperia X Performance Dual,8202,20809914.27034193
Sony Mobile Comm. Xperia Xa,13677.143513238096,8960584.118935298
Sony Mobile Comm. Xperia Xa Ultra,15837.5,4509965.0450569885
Sony Mobile Comm. Xperia Xa1,14243.656763538462,6321832.505700429
Sony Mobile Comm. Xperia Xa1 Plus,7827.25,8996983.317585483
Sony Mobile Comm. Xperia Xa1 Ultra,16027.992436666667,8271382.218636522
Sony Mobile Comm. Xperia Xa2,11437.971529674796,10450230.424899867
Sony Mobile Comm. Xperia Xa2 Ultra,12948.344251866667,13472318.236631742
Sony Mobile Comm. Xperia Xz,22189.896416899224,3877908.0113228047
Sony Mobile Comm. Xperia Xz Premium,17548.879310344826,11403816.704136483
Sony Mobile Comm. Xperia Xz1,9732.957189583332,10749504.686673708
Sony Mobile Comm. Xperia Xz1 Compact,26261.220846666667,4059661.5386202754
Sony Mobile Comm. Xperia Xz2,15464.093017839508,14957173.38659679
Sony Mobile Comm. Xperia Xz2 Compact,17106.5,6944419.1811025785
Sony Mobile Comm. Xperia Z2,6428,84203
Sony Mobile Comm. Xperia Z3,13406.333333333334,4228089
Sony Mobile Comm. Xperia Z3 Compact,12810.636363636364,7739371.825578883
Sony Mobile Comm. Xperia Z3+ Dual,9876,1164127
Sony Mobile Comm. Xperia Z5,20382.076923076922,1042022.6923076923
Sony Mobile Comm. Xperia Z5 Compact,12289.578947368422,5354652.162177248
Sony Mobile Comm. Xperia Z5 Dual,27529.5,119622
Sony Mobile Comm. Xperia Z5 Premium,24933,12593450.756780645
Source (Hk) Ltd J-Max Zara-Zara,125,2634
Spa Condor Elect. A9 Plus,4290,4490507
Spa Condor Elect. Allure M1,13755.6,512915.2
Spa Condor Elect. Allure M1 Plus,25430,31766178
Spa Condor Elect. Allure M2,46926.02296333334,44286
Spa Condor Elect. Allure M3,25176,7869567.42344731
Spa Condor Elect. C6+,10912.5,4261125
Spa Condor Elect. F6,2,20809914.27034193
Spa Condor Elect. P4,9351,507251
Spa Condor Elect. P8 Lite,21601,12960208.5
Spa Condor Elect. Plume H1,2275,86898
Spa Condor Elect. Plume L1 Plus,12867,8954957
Spa Condor Elect. Plume L2,73997,7505983
Spa Condor Elect. Plume P6 Pro Lte,26416.333333333332,1941463.3333333333
Tcl Communicatio. A3 Xl,51,20809914.27034193
Tcl Communicatio. A7 Xl,13887.5,47666.5
Tcl Communicatio. Alcatel 1,7077.375,7907361.934711557
Tcl Communicatio. Alcatel 1X,5681.357142857143,13221012.43438341
Tcl Communicatio. Alcatel 3C,9406.25,23744382.5
Tcl Communicatio. Alcatel 3L 5034D,8689,12067287.635170965
Tcl Communicatio. Alcatel 3V,1456,4855
Tcl Communicatio. Alcatel A3,6263,20809914.27034193
Tcl Communicatio. Alcatel A5 Led Alcatel A5,21668,8553494
Tcl Communicatio. Alcatel Idol4 6055K,7580,9342
Tcl Communicatio. Alcatel M812F,19794,265720
Tcl Communicatio. Alcatel Onetouch 5070D,31384,42560
Tcl Communicatio. Alcatel Onetouch Idol3 (5.5),22202.333333333332,7913426.42344731
Tcl Communicatio. Alcatel Onetouch Pixi 3 (3.5) 4009D,1503,10924947
Tcl Communicatio. Alcatel Onetouch Pixi 3 (3.5) 4009X,397,14026
Tcl Communicatio. Alcatel Onetouch Pixi 3 (4),1223,5116
Tcl Communicatio. Alcatel Onetouch Pixi 3 (4.5),2834,10594992.468504297
Tcl Communicatio. Alcatel Onetouch Pop 3 (5),5258.285714285715,17150065.33595852
Tcl Communicatio. Alcatel Onetouch Pop 3 (5.5),277,20809914.27034193
Tcl Communicatio. Alcatel Pixi 4 (4) 4034D,2935.6857142857143,8905339.43978267
Tcl Communicatio. Alcatel Pixi 4 (4) 4034X,2107,168072.25
Tcl Communicatio. Alcatel Pixi 4 (5) 5010D,8108.333333333333,2837222
Tcl Communicatio. Alcatel Pixi 4 (5) 5010E,9662,2131480
Tcl Communicatio. Alcatel Pixi 4 5045D,5018.285714285715,6090956.077240551
Tcl Communicatio. Alcatel Pop4 6 4G 7070X,19941,678855
Tcl Communicatio. Alcatel U5,8850.2,13451283.423447309
Tcl Communicatio. B-Athena,6837.5,2293.5
Tcl Communicatio. B-Luna,928.5,9115
Tcl Communicatio. Blackberry Bba100-2,3669,20809914.27034193
Tcl Communicatio. Blackberry Bbb100-2,18064.507654444446,279157
Tcl Communicatio. Linkzone,27791.87037037037,13687117.718722701
Tcl Communicatio. Nura 2,362,75
Tcl Communicatio. Pixi 4 6 3G Android,6349.25,30528699.25
Tcl Communicatio. Pixi 4 6 4G Android,2372,10456568.885170965
Tcl Communicatio. Pop 4+,3535,268856
Tcl Communicatio. U3 3G,2347.05625,6213812.211335482
Tcl Communicatio. U5,7408,409474
Tct Mobile Suzho. 7048A,11217,226572
Tct Mobile Suzho. Alcatel One Touch 6010X,274,222
Tct Mobile Suzho. Alcatel One Touch 6030X,2018.75,5203827.067585482
Tct Mobile Suzho. Alcatel One Touch 997,42,3954
Tct Mobile Suzho. Alcatel One Touch Pop C1 Alcatel One Touch Pop C1 Alcatel One Touch Pixi2,57.5,9310
Tct Mobile Suzho. Alcatel One Touch Pop C5,4485,1318
Tct Mobile Suzho. Alcatel One Touch Y580D,1556,39572
Tct Mobile Suzho. Alcatel Onetouch Idol 3 (4.7),9229.5,3862917.3783903215
Tct Mobile Suzho. Alcatel Onetouch Pop C2,334,1330
Tct Mobile Suzho. Alcatel Onetouch Pop D5,17463,3091499
Tct Mobile Suzho. Alcatel Onetouch Pop S3,7,20809914.27034193
Tct Mobile Suzho. Alcatel Onetouch Pop S7,490,20809914.27034193
Tct Mobile Suzho. Alcatel Onetouch Pop2 4.5,22308,214636
Tct Mobile Suzho. One Touch Idol S,34,20809914.27034193
Tecno Telecom (H. C9,177,20809914.27034193
Tecno Telecom (H. It1506,334,9575
Tecno Telecom (H. Phantom6 Plus,52136,78198
Teletalk Pvt Ltd Colors Cl220+,14324,57403
Teletalk Pvt Ltd Colors F016,1,20809914.27034193
Telit Le910-Eu V2,79,20809914.27034193
Telit Le910-Eug,10,20809914.27034193
Telit Ul865-Eur,389.85714285714283,14864794.478815664
Test IMEI,1,20809914.27034193
Tianlong Interna. Uphone S922 Uphone S930,7608,8515
Tianyu K-Touch M7,51,20809914.27034193
Tinno Mobile Tec. Lt X33,3901,1755
Tinno Mobile Tec. Tinno S9091B,6829,4123732
Tinno Mobile Tec. Tinno S909X S930X S9311 P5003 P6001,247,3195
Tinno Mobile Tec. Tinno S9111,6048,705965
Tinno Mobile Tec. Tinno S9201,2541.5,22491
Topwell Technolo. Topwell M318A,12,20809914.27034193
Tp-Link Technolo. Archer Mr200,10830.3125,16379622.668963706
Tp-Link Technolo. Archer Mr400,30250.466666666667,15268964.787401717
Tp-Link Technolo. C5A,5015,20910
Tp-Link Technolo. C7 Y7,427,4069
Tp-Link Technolo. Tl-Mr6400,9668.492063492062,16034152.127671987
Tp-Link Technolo. Tp-Link Archer Mr200 Tp-Link Tl-Mr6400,18304.955555555553,22877228.60002946
Tp-Link Technolo. Tp-Link M7350,24093,8225786.817585482
Tp-Link Technolo. Tp-Link Tp701A,20329,430243
Tp-Link Technolo. X1 Lite,17130.5,1039253
Umi Network Tech. One,3241,4029
Umi Network Tech. One Pro,62663,850616
Umi Network Tech. Umidigi Z1 Pro,25616,179660.5
Umi Network Tech. Z2,2455,3346029
Vastking Technol. Vastking M750,764,9296
Vivo Mobile Comm. Vivo V7+,7783,6224399
Vivo Mobile Comm. Vivo Vivo 1718,41,20809914.27034193
Vivo Mobile Comm. Vivo Vivo X21A,3,20809914.27034193
Vivo Mobile Comm. Vivo Vivo X7Plus,3842,2730
Vplus Communicat. Vplus V5001,3550,15904835.180227952
Wct Uno,0,20809914.27034193
Wiko Global Sasu Fever,4671.714285714285,2991831.8957631327
Wiko Global Sasu Harry2,11583.3,4455068.054068386
Wiko Global Sasu Jerry3,6232.053571428572,4647320.360048847
Wiko Global Sasu Lenny 5,6588.35294117647,5968897.208275521
Wiko Global Sasu Lenny2,3440.0714285714284,5474256.285714285
Wiko Global Sasu Rainbow Jam 4G,280,489208.6666666667
Wiko Global Sasu Sunny3,2261.707142857143,8807381.362954836
Wiko Global Sasu Tommy3,14999.708333333334,7818557.821340232
Wiko Global Sasu View Go,7458,929711
Wiko Global Sasu View Lite,21717.833333333332,7131448.42344731
Wiko Global Sasu View Max,2520.3571428571427,6238139.648669123
Wiko Global Sasu View2,20144.117647058825,1977982.6629612902
Wiko Global Sasu View2 Go,12409.92857142857,10345628.401575113
Wiko Global Sasu View2 Pro,12768,1615416.5
Wiko Global Sasu Wiko Barry Iggy Ozzy,1863.5,10408470.635170965
Wiko Global Sasu Wiko Darkmoon Slide,375.5,20716.5
Wiko Global Sasu Wiko Freddy,16487.8,8450974.354068387
Wiko Global Sasu Wiko Goa,2310.6,26559
Wiko Global Sasu Wiko Harry,5055.444444444444,8303658.756780643
Wiko Global Sasu Wiko Highway 4G,241,2660
Wiko Global Sasu Wiko Highway Pure,21459,113956
Wiko Global Sasu Wiko Highway Signs,4052,4817539
Wiko Global Sasu Wiko Iggy,2996,5994
Wiko Global Sasu Wiko Jerry,5433.75,4478258.096292742
Wiko Global Sasu Wiko Jerry Max,16406.5,15511382.5
Wiko Global Sasu Wiko Jerry2,5280,9645735.321880352
Wiko Global Sasu Wiko Jimmy,9968.75,5507000.567585482
Wiko Global Sasu Wiko Kite,37,20809914.27034193
Wiko Global Sasu Wiko Lenny,196,13293.5
Wiko Global Sasu Wiko Lenny2,3863.4186046511627,12644502.866447035
Wiko Global Sasu Wiko Lenny3,5456.554545454545,5869193.988212903
Wiko Global Sasu Wiko Lenny4,7317.5,7544924.272528495
Wiko Global Sasu Wiko Lenny4 Plus,8550.5,192004.5
Wiko Global Sasu Wiko Pulp 4G,7733.7692307692305,6537692.328487841
Wiko Global Sasu Wiko Pulp Fab 4G,2475.5454545454545,9528013.122882696
Wiko Global Sasu Wiko Rainbow 4G,16053.6,13513681.762205157
Wiko Global Sasu Wiko Rainbow Getaway,9121,191810
Wiko Global Sasu Wiko Rainbow Jam,14662,32536
Wiko Global Sasu Wiko Rainbow Lite 4G,9535.406976744185,10029632.450375691
Wiko Global Sasu Wiko Rainbow Up 4G,2818.6666666666665,13903059.513561286
Wiko Global Sasu Wiko Ridge 4G,148,61879
Wiko Global Sasu Wiko Robby,5886.2,5399382.854068385
Wiko Global Sasu Wiko Sunny,3538.294117647059,3783546.7670990503
Wiko Global Sasu Wiko Sunny2,3498.875,2858840
Wiko Global Sasu Wiko Sunny2 Plus,7661.5,8758855.44055129
Wiko Global Sasu Wiko Sunset,6543.5,8643934.567585483
Wiko Global Sasu Wiko Sunset2,3272.5652173913045,4028486.610464516
Wiko Global Sasu Wiko Tommy,14838.266666666666,7045245.82344731
Wiko Global Sasu Wiko Tommy2,12046.42857142857,8852385.6139235
Wiko Global Sasu Wiko Tommy2 Plus,35631.6,1308265
Wiko Global Sasu Wiko U Feel,11097.833333333334,2949657.151356129
Wiko Global Sasu Wiko U Feel Lite,16132.5,37049830.82703419
Wiko Global Sasu Wiko U Feel Prime,8874.5,8339178.476378223
Wiko Global Sasu Wiko U Pulse,17587,93742.5
Wiko Global Sasu Wiko Upulse Lite,14120.76923076923,21647096.73389876
Wiko Global Sasu Wiko View,16832,16702737.666041933
Wiko Global Sasu Wiko View Prime,12629.4,8326122.108136771
Wiko Global Sasu Wiko View Xl,4212,9734910.756780643
Wiko Global Sasu Wiko Wax,36,20809914.27034193
Wiko Global Sasu Wiko Wim Lite,25811.333333333332,2652400.141149103
Wiko Jerry3,8186.96875,9170039.15625
Wileyfox Europe. Wileyfox Spark,42,20809914.27034193
Wileyfox Europe. Wileyfox Swift 2,38001,6484851.5
Wistron M18Qw,12611,20809914.27034193
Wistron Wnc D18Qx,1570.5,10844906.635170965
Xiaomi Communica. A1,544.5,10428834.635170965
Xiaomi Communica. A12A,12223,5152
Xiaomi Communica. A7,10069.6,5479638.454068386
Xiaomi Communica. B3,915.5,20809914.27034193
Xiaomi Communica. B5,43123,20021267
Xiaomi Communica. B6L,13607,52718
Xiaomi Communica. C3,10402,93598
Xiaomi Communica. H3A,226,3767
Xiaomi Communica. H3C,19843,2572372
Xiaomi Communica. M1803E1A,49172,102166
Xiaomi Communica. M1804C3Dg,24259.5,6444599.067585482
Xiaomi Communica. M1805D1Sg,6636.714285714285,11892116.440195387
Xiaomi Communica. M1805E10A,12084,20809914.27034193
Xiaomi Communica. M1806E7Tg,16352.333333333334,7627105.590113976
Xiaomi Communica. M1807E8A,9298,3091
Xiaomi Communica. M1808D2Tg,13995.609185333335,158542.4
Xiaomi Communica. M1901F7G,2986,6026665
Xiaomi Communica. M1902F1G,26961.68197555556,356939.6666666667
Xiaomi Communica. Mi 5X,3974,20809914.27034193
Xiaomi Communica. Mi 6,31595.522963333333,75152129
Xiaomi Communica. Mi 8,21026.469728444445,1344493.0333333334
Xiaomi Communica. Mi A1,20535,6857947.2675854815
Xiaomi Communica. Mi A2,16875.75,9707552.805774594
Xiaomi Communica. Mi A2 Lite,14399.22222222222,5588829.289807704
Xiaomi Communica. Mi Max2,21083.5,2679813.5
Xiaomi Communica. Mi Max3,27694,18897
Xiaomi Communica. Mi Mix2,9990.25,21597.5
Xiaomi Communica. Mi Mix2S,20351.75,8463784.881780643
Xiaomi Communica. Pocophone F1,20223.529411764706,2364921.0159024666
Xiaomi Communica. Redmi 2,25062,24745
Xiaomi Communica. Redmi 3S,5895.25,496633
Xiaomi Communica. Redmi 4A,710.5,10532929
Xiaomi Communica. Redmi 4X,8133.411764705882,28254865.683650095
Xiaomi Communica. Redmi 5,20815.333333333332,4413816.666666667
Xiaomi Communica. Redmi 5 Plus,17024.071428571428,13078730.648669124
Xiaomi Communica. Redmi 5A,10314.2,25280190.762205157
Xiaomi Communica. Redmi 5Plus,36361.01148166667,821114.5
Xiaomi Communica. Redmi 6,10478.714285714286,755977.5714285715
Xiaomi Communica. Redmi Note 2,48506,2176212
Xiaomi Communica. Redmi Note3,17081,19155
Xiaomi Communica. Redmi Note4,20266.666666666664,4355334.114548233
Xiaomi Communica. Redmi Note4X,14022.75,1134422.25
Xiaomi Communica. Redmi Note5,23883.827205882353,4084774.4085900607
Xiaomi Communica. Redmi Note5A,19350.333333333332,6940072.42344731
Xiaomi Communica. Redmi Note5A Prime,13339,307769
Xiaomi Communica. Redmi Note6 Pro,21614.416666666668,1566538.896398387
Xiaomi Communica. Redmi S2,16569,3209095.25290599
Xiaomi Communica. Xiaomi Note,17571,10624351.5
Yi Sheng Technol. Gretel A7,3962,37494
Yop Technology C. Maze Alpha,14145,34626
Yota Devices Yota Y3,966,1330
Yota Devices Yotaphone2,18542,539022
Zebra Technologi. Mc5574,5,378
Zebra Technologi. Mc659B,453.75,10405011.135170965
Zebra Technologi. Mc67Na,66,20809914.27034193
Zebra Technologi. Symbol Tc55Bh,3776.5,3357219.110048847
Zte A2016,6918.5,10792789.635170965
Zte Axon 6S Zte Axon 7 Axon 7,883,4783
Zte Axon M Zte Axon M Axon M Axon M,3,20809914.27034193
Zte Blade A2 Plus Zte Blade A610 Plus,428,2489
Zte Blade A452 Blade A452,360,606072
Zte Blade A506 Blade A506,154,20809914.27034193
Zte Blade A506 Blade A506 Dive 71 Orange Dive 71 D52 Lite,364,380
Zte Blade L110 Zte Blade L110 Blade L110 Blade L110,7491,9143331
Zte Blade V7 Lite Blade V6 Plus Zte Blitz,18301,138327
Zte Blade V8 Blade V8,50378,20809914.27034193
Zte Blade V8 Lite Blade V8 Lite Zte Blade V8 Se,2477,1291954
Zte Mf190,8067,141226
Zte Mf259,14.845679012345679,15603145.138524886
Zte Mf626,5942,4720565
Zte Racer Iii Mini Zte Switch X1 Bouygues Telecom Bs 402 Blade Q Mini Zte Blade G Pro,1466,8327126.908136772
Zte Starxtrem By Sfr,0,20809914.27034193
Zte Zte Blade C2 Smartphone Android By Sfr Startrail 4 Zte Blade Flex T809 Zte T809,44.5,10406287.135170965
Zyxel Communicat. Lte7460,39741,23843031
Zyxel Communicat. Sbg3600,82818,50200837
Zyxel Communicat. Zyxel Wah7706,1263,116
undefined,6408.508942877011,16180503.489497881
